title,price,image_url,source_product_id,seller
조선미녀 맑은쌀선크림 50ml SPF50+ PA++++,"16,200",https://shop-phinf.pstatic.net/20241118_154/1731891127386Wsp7U_JPEG/56232156184719013_1585357280.jpg?type=f200,10254930616,
조선미녀 맑은쌀선크림 아쿠아프레쉬 50ml SPF50+ PA++++,"16,200",https://shop-phinf.pstatic.net/20241118_90/1731888994112anBlT_JPEG/316456224504887_1541380563.jpg?type=f200,10254930616,
조선미녀 인삼아이크림 30ml,"15,300",https://shop-phinf.pstatic.net/20240829_258/1724920396265Wsi2J_JPEG/5408017064355448_538382084.jpg?type=f200,10254930616,
[스테파니미초바PICK] 조선미녀 맑은쌀꿀채운마스크 150ml,"16,200",https://shop-phinf.pstatic.net/20241129_35/1732844187123DNH5L_JPEG/12437770439726400_281731723.jpg?type=f200,10254930616,
조선미녀 광채프로폴리스세럼 30ml,"15,300",https://shop-phinf.pstatic.net/20240425_114/171403772320110f0w_JPEG/60997248009156553_49656200.jpeg?type=f200,10254930616,
조선미녀 산들쑥 선스틱 18g(SPF50+) 1+1 피부보습 진정 데일리선스틱,"24,990",https://shopping-phinf.pstatic.net/main_8869801/88698017111.jpg?type=f80,10254930616,weclick
[벤튼] 무기자차 선스틱 SPF50+/PA++++ 15g 끈적임없는 보송 스틱썬크림 골프,"16,500",https://shopping-phinf.pstatic.net/main_8257987/82579879409.37.jpg?type=f80,10254930616,벤튼
1+1 AHC 내추럴 퍼펙션 더블쉴드 선스틱 (워터프루프 골프 쿨링 스틱썬크림) 14+14g 2개,"15,900",https://shopping-phinf.pstatic.net/main_8394504/83945044942.17.jpg?type=f80,10254930616,Dkdream
"[1+1,휴대용선스틱] 닥터자르트 에브리 선 데이 선 스틱 19g (SPF48,PA++++) (+마스크팩1매)","27,900",https://shopping-phinf.pstatic.net/main_8403465/84034653747.10.jpg?type=f80,10254930616,닥터자르트
[1+1] 달바 비건 에어 핏 선스틱 19gX2개,"35,900",https://shopping-phinf.pstatic.net/main_8412090/84120902413.44.jpg?type=f80,10254930616,달바 공식스토어
조선미녀 맑은쌀선크림 50ml SPF50+ PA++++,"16,200",https://shop-phinf.pstatic.net/20241118_154/1731891127386Wsp7U_JPEG/56232156184719013_1585357280.jpg?type=f200,10254559943,
조선미녀 맑은쌀선크림 아쿠아프레쉬 50ml SPF50+ PA++++,"16,200",https://shop-phinf.pstatic.net/20241118_90/1731888994112anBlT_JPEG/316456224504887_1541380563.jpg?type=f200,10254559943,
조선미녀 인삼아이크림 30ml,"15,300",https://shop-phinf.pstatic.net/20240829_258/1724920396265Wsi2J_JPEG/5408017064355448_538382084.jpg?type=f200,10254559943,
[스테파니미초바PICK] 조선미녀 맑은쌀꿀채운마스크 150ml,"16,200",https://shop-phinf.pstatic.net/20241129_35/1732844187123DNH5L_JPEG/12437770439726400_281731723.jpg?type=f200,10254559943,
조선미녀 광채프로폴리스세럼 30ml,"15,300",https://shop-phinf.pstatic.net/20240425_114/171403772320110f0w_JPEG/60997248009156553_49656200.jpeg?type=f200,10254559943,
조선미녀 쌀겨수맑은세럼 30ml,"15,300",https://shopping-phinf.pstatic.net/main_8779980/87799809688.jpg?type=f80,10254559943,뷰티오브조선 : 조선미녀
조선미녀 광채프로폴리스세럼 30ml,"15,300",https://shopping-phinf.pstatic.net/main_8779948/87799483003.jpg?type=f80,10254559943,뷰티오브조선 : 조선미녀
조선미녀 병풀비타세럼 30ml,"15,300",https://shopping-phinf.pstatic.net/main_8779971/87799710188.jpg?type=f80,10254559943,뷰티오브조선 : 조선미녀
조선미녀 인삼스네일세럼 30ml,"15,300",https://shopping-phinf.pstatic.net/main_8779985/87799855088.jpg?type=f80,10254559943,뷰티오브조선 : 조선미녀
조선미녀 인삼 에센스워터 150ml,"16,200",https://shopping-phinf.pstatic.net/main_8779982/87799820428.jpg?type=f80,10254559943,뷰티오브조선 : 조선미녀
조선미녀 맑은쌀선크림 50ml SPF50+ PA++++,"16,200",https://shop-phinf.pstatic.net/20241118_154/1731891127386Wsp7U_JPEG/56232156184719013_1585357280.jpg?type=f200,10254979301,
조선미녀 맑은쌀선크림 아쿠아프레쉬 50ml SPF50+ PA++++,"16,200",https://shop-phinf.pstatic.net/20241118_90/1731888994112anBlT_JPEG/316456224504887_1541380563.jpg?type=f200,10254979301,
조선미녀 인삼아이크림 30ml,"15,300",https://shop-phinf.pstatic.net/20240829_258/1724920396265Wsi2J_JPEG/5408017064355448_538382084.jpg?type=f200,10254979301,
[스테파니미초바PICK] 조선미녀 맑은쌀꿀채운마스크 150ml,"16,200",https://shop-phinf.pstatic.net/20241129_35/1732844187123DNH5L_JPEG/12437770439726400_281731723.jpg?type=f200,10254979301,
조선미녀 광채프로폴리스세럼 30ml,"15,300",https://shop-phinf.pstatic.net/20240425_114/171403772320110f0w_JPEG/60997248009156553_49656200.jpeg?type=f200,10254979301,
조선미녀 광채프로폴리스 세럼 30ml 보습 피부진정 톤업,"10,990",https://shopping-phinf.pstatic.net/main_8838691/88386919484.jpg?type=f80,10254979301,weclick
조선미녀 인삼스네일세럼 30ml,"15,300",https://shopping-phinf.pstatic.net/main_8779985/87799855088.jpg?type=f80,10254979301,뷰티오브조선 : 조선미녀
조선미녀 쌀겨수맑은세럼 30ml,"15,300",https://shopping-phinf.pstatic.net/main_8779980/87799809688.jpg?type=f80,10254979301,뷰티오브조선 : 조선미녀
조선미녀 인삼 에센스워터 150ml,"16,200",https://shopping-phinf.pstatic.net/main_8779982/87799820428.jpg?type=f80,10254979301,뷰티오브조선 : 조선미녀
조선미녀 붉은팥 수분 워터 젤 100ml,"16,200",https://shopping-phinf.pstatic.net/main_8779906/87799063645.jpg?type=f80,10254979301,뷰티오브조선 : 조선미녀
조선미녀 맑은쌀선크림 50ml SPF50+ PA++++,"16,200",https://shop-phinf.pstatic.net/20241118_154/1731891127386Wsp7U_JPEG/56232156184719013_1585357280.jpg?type=f200,10255019036,
조선미녀 맑은쌀선크림 아쿠아프레쉬 50ml SPF50+ PA++++,"16,200",https://shop-phinf.pstatic.net/20241118_90/1731888994112anBlT_JPEG/316456224504887_1541380563.jpg?type=f200,10255019036,
조선미녀 인삼아이크림 30ml,"15,300",https://shop-phinf.pstatic.net/20240829_258/1724920396265Wsi2J_JPEG/5408017064355448_538382084.jpg?type=f200,10255019036,
[스테파니미초바PICK] 조선미녀 맑은쌀꿀채운마스크 150ml,"16,200",https://shop-phinf.pstatic.net/20241129_35/1732844187123DNH5L_JPEG/12437770439726400_281731723.jpg?type=f200,10255019036,
조선미녀 광채프로폴리스세럼 30ml,"15,300",https://shop-phinf.pstatic.net/20240425_114/171403772320110f0w_JPEG/60997248009156553_49656200.jpeg?type=f200,10255019036,
조선미녀 맑은쌀선크림 아쿠아프레쉬 50ml SPF50+ PA++++,"16,200",https://shopping-phinf.pstatic.net/main_8830336/88303365247.2.jpg?type=f80,10255019036,뷰티오브조선 : 조선미녀
라운드랩 자작나무 수분 선크림 50ml+50ml 더블기획 썬크림추천 올리브영 자외선차단제,"21,930",https://shopping-phinf.pstatic.net/main_8675191/86751911674.1.jpg?type=f80,10255019036,블망몰
조선미녀 인삼선세럼 50ml SPF 50+ PA++++,"18,900",https://shopping-phinf.pstatic.net/main_8779955/87799559103.3.jpg?type=f80,10255019036,뷰티오브조선 : 조선미녀
조선미녀 인삼 선세럼 50ml,"14,980",https://shopping-phinf.pstatic.net/main_8878488/88784887043.jpg?type=f80,10255019036,weclick
벤튼 시카 수분 선세럼 50mL SPF50+ PA++++ 이지워시선크림 유기자차 비건 물광,"14,800",https://shopping-phinf.pstatic.net/main_8614190/86141907622.14.jpg?type=f80,10255019036,벤튼
조선미녀 맑은쌀선크림 50ml SPF50+ PA++++,"16,200",https://shop-phinf.pstatic.net/20241118_154/1731891127386Wsp7U_JPEG/56232156184719013_1585357280.jpg?type=f200,10255055401,
조선미녀 맑은쌀선크림 아쿠아프레쉬 50ml SPF50+ PA++++,"16,200",https://shop-phinf.pstatic.net/20241118_90/1731888994112anBlT_JPEG/316456224504887_1541380563.jpg?type=f200,10255055401,
조선미녀 인삼아이크림 30ml,"15,300",https://shop-phinf.pstatic.net/20240829_258/1724920396265Wsi2J_JPEG/5408017064355448_538382084.jpg?type=f200,10255055401,
[스테파니미초바PICK] 조선미녀 맑은쌀꿀채운마스크 150ml,"16,200",https://shop-phinf.pstatic.net/20241129_35/1732844187123DNH5L_JPEG/12437770439726400_281731723.jpg?type=f200,10255055401,
조선미녀 광채프로폴리스세럼 30ml,"15,300",https://shop-phinf.pstatic.net/20240425_114/171403772320110f0w_JPEG/60997248009156553_49656200.jpeg?type=f200,10255055401,
조선미녀 맑은쌀선크림 50ml SPF50+ PA++++,"16,200",https://shopping-phinf.pstatic.net/main_8779952/87799522738.11.jpg?type=f80,10255055401,뷰티오브조선 : 조선미녀
조선미녀 맑은쌀선크림 아쿠아프레쉬 50ml SPF50+ PA++++,"16,200",https://shopping-phinf.pstatic.net/main_8830336/88303365247.2.jpg?type=f80,10255055401,뷰티오브조선 : 조선미녀
벤튼 시카 수분 선세럼 50mL SPF50+ PA++++ 이지워시선크림 유기자차 비건 물광,"14,800",https://shopping-phinf.pstatic.net/main_8614190/86141907622.14.jpg?type=f80,10255055401,벤튼
아임프롬 애프리콧 클리어 선 세럼 50ml SPF 50+ PA++++,"30,000",https://shopping-phinf.pstatic.net/main_8898306/88983066868.2.jpg?type=f80,10255055401,Im from
"[1+1,스웨트프루프선크림] 닥터자르트 에브리 선 데이 워터프루프 선 밀크 30ml (SPF50+,PA++++)(+마스크팩1매)","21,600",https://shopping-phinf.pstatic.net/main_8311368/83113687495.15.jpg?type=f80,10255055401,닥터자르트
조선미녀 맑은쌀선크림 50ml SPF50+ PA++++,"16,200",https://shop-phinf.pstatic.net/20241118_154/1731891127386Wsp7U_JPEG/56232156184719013_1585357280.jpg?type=f200,10255251644,
조선미녀 맑은쌀선크림 아쿠아프레쉬 50ml SPF50+ PA++++,"16,200",https://shop-phinf.pstatic.net/20241118_90/1731888994112anBlT_JPEG/316456224504887_1541380563.jpg?type=f200,10255251644,
조선미녀 인삼아이크림 30ml,"15,300",https://shop-phinf.pstatic.net/20240829_258/1724920396265Wsi2J_JPEG/5408017064355448_538382084.jpg?type=f200,10255251644,
[스테파니미초바PICK] 조선미녀 맑은쌀꿀채운마스크 150ml,"16,200",https://shop-phinf.pstatic.net/20241129_35/1732844187123DNH5L_JPEG/12437770439726400_281731723.jpg?type=f200,10255251644,
조선미녀 광채프로폴리스세럼 30ml,"15,300",https://shop-phinf.pstatic.net/20240425_114/171403772320110f0w_JPEG/60997248009156553_49656200.jpeg?type=f200,10255251644,
[스테파니미초바PICK] 조선미녀 맑은쌀꿀채운마스크 150ml,"16,200",https://shopping-phinf.pstatic.net/main_8789379/87893799575.4.jpg?type=f80,10255251644,뷰티오브조선 : 조선미녀
아임프롬 허니 마스크 70ml,"22,000",https://shopping-phinf.pstatic.net/main_1110713/11107132777.27.jpg?type=f80,10255251644,Im from
에템 블랙 레몬 워시 오프팩,"15,900",https://shopping-phinf.pstatic.net/main_8761199/87611999251.jpg?type=f80,10255251644,아이프로덕트
[스킨푸드] 라이스데일리 브라이트닝 마스크 워시오프 210g,"14,300",https://shopping-phinf.pstatic.net/main_8016799/80167994614.5.jpg?type=f80,10255251644,스킨푸드
[스킨푸드] 라이스 워시오프 마스크 120g,"7,800",https://shopping-phinf.pstatic.net/main_9558852/9558852029.18.jpg?type=f80,10255251644,스킨푸드
조선미녀 맑은쌀선크림 50ml SPF50+ PA++++,"16,200",https://shop-phinf.pstatic.net/20241118_154/1731891127386Wsp7U_JPEG/56232156184719013_1585357280.jpg?type=f200,10255316726,
조선미녀 맑은쌀선크림 아쿠아프레쉬 50ml SPF50+ PA++++,"16,200",https://shop-phinf.pstatic.net/20241118_90/1731888994112anBlT_JPEG/316456224504887_1541380563.jpg?type=f200,10255316726,
조선미녀 인삼아이크림 30ml,"15,300",https://shop-phinf.pstatic.net/20240829_258/1724920396265Wsi2J_JPEG/5408017064355448_538382084.jpg?type=f200,10255316726,
[스테파니미초바PICK] 조선미녀 맑은쌀꿀채운마스크 150ml,"16,200",https://shop-phinf.pstatic.net/20241129_35/1732844187123DNH5L_JPEG/12437770439726400_281731723.jpg?type=f200,10255316726,
조선미녀 광채프로폴리스세럼 30ml,"15,300",https://shop-phinf.pstatic.net/20240425_114/171403772320110f0w_JPEG/60997248009156553_49656200.jpeg?type=f200,10255316726,
조선미녀 광채프로폴리스 세럼 30ml 보습 피부진정 톤업,"10,990",https://shopping-phinf.pstatic.net/main_8838691/88386919484.jpg?type=f80,10255316726,weclick
조선미녀 병풀비타세럼 30ml,"15,300",https://shopping-phinf.pstatic.net/main_8779971/87799710188.jpg?type=f80,10255316726,뷰티오브조선 : 조선미녀
조선미녀 붉은팥 수분 워터 젤 100ml,"16,200",https://shopping-phinf.pstatic.net/main_8779906/87799063645.jpg?type=f80,10255316726,뷰티오브조선 : 조선미녀
조선미녀 인삼스네일세럼 30ml,"15,300",https://shopping-phinf.pstatic.net/main_8779985/87799855088.jpg?type=f80,10255316726,뷰티오브조선 : 조선미녀
조선미녀 쌀겨수맑은세럼 30ml,"15,300",https://shopping-phinf.pstatic.net/main_8779980/87799809688.jpg?type=f80,10255316726,뷰티오브조선 : 조선미녀
조선미녀 맑은쌀선크림 50ml SPF50+ PA++++,"16,200",https://shop-phinf.pstatic.net/20241118_154/1731891127386Wsp7U_JPEG/56232156184719013_1585357280.jpg?type=f200,10255374037,
조선미녀 맑은쌀선크림 아쿠아프레쉬 50ml SPF50+ PA++++,"16,200",https://shop-phinf.pstatic.net/20241118_90/1731888994112anBlT_JPEG/316456224504887_1541380563.jpg?type=f200,10255374037,
조선미녀 인삼아이크림 30ml,"15,300",https://shop-phinf.pstatic.net/20240829_258/1724920396265Wsi2J_JPEG/5408017064355448_538382084.jpg?type=f200,10255374037,
[스테파니미초바PICK] 조선미녀 맑은쌀꿀채운마스크 150ml,"16,200",https://shop-phinf.pstatic.net/20241129_35/1732844187123DNH5L_JPEG/12437770439726400_281731723.jpg?type=f200,10255374037,
조선미녀 광채프로폴리스세럼 30ml,"15,300",https://shop-phinf.pstatic.net/20240425_114/171403772320110f0w_JPEG/60997248009156553_49656200.jpeg?type=f200,10255374037,
조선미녀 다이너스티 크림 50ml,"15,300",https://shopping-phinf.pstatic.net/main_8901018/89010186613.jpg?type=f80,10255374037,심야뷰티
[피부보습크림] 닥터자르트 세라마이딘 스킨 베리어 모이스처라이징 크림 50ml (+크림15mlx3),"37,500",https://shopping-phinf.pstatic.net/main_8500892/85008927340.32.jpg?type=f80,10255374037,닥터자르트
퓨리토 오트 인 카밍 젤 크림,"17,100",https://shopping-phinf.pstatic.net/main_8335346/83353467865.2.jpg?type=f80,10255374037,퓨리토
조선미녀 조선미녀크림 대용량 100ml,"34,000",https://shopping-phinf.pstatic.net/main_8779992/87799920825.jpg?type=f80,10255374037,뷰티오브조선 : 조선미녀
부활초 크림 뉴트리션 튜브 75ml,"28,000",https://shopping-phinf.pstatic.net/main_8282793/82827937199.13.jpg?type=f80,10255374037,아비브
조선미녀 맑은쌀선크림 50ml SPF50+ PA++++,"16,200",https://shop-phinf.pstatic.net/20241118_154/1731891127386Wsp7U_JPEG/56232156184719013_1585357280.jpg?type=f200,10255417123,
조선미녀 맑은쌀선크림 아쿠아프레쉬 50ml SPF50+ PA++++,"16,200",https://shop-phinf.pstatic.net/20241118_90/1731888994112anBlT_JPEG/316456224504887_1541380563.jpg?type=f200,10255417123,
조선미녀 인삼아이크림 30ml,"15,300",https://shop-phinf.pstatic.net/20240829_258/1724920396265Wsi2J_JPEG/5408017064355448_538382084.jpg?type=f200,10255417123,
[스테파니미초바PICK] 조선미녀 맑은쌀꿀채운마스크 150ml,"16,200",https://shop-phinf.pstatic.net/20241129_35/1732844187123DNH5L_JPEG/12437770439726400_281731723.jpg?type=f200,10255417123,
조선미녀 광채프로폴리스세럼 30ml,"15,300",https://shop-phinf.pstatic.net/20240425_114/171403772320110f0w_JPEG/60997248009156553_49656200.jpeg?type=f200,10255417123,
조선미녀 조선미녀크림 50ml,"21,600",https://shopping-phinf.pstatic.net/main_8779987/87799877739.1.jpg?type=f80,10255417123,뷰티오브조선 : 조선미녀
[산뜻한수분진정] 닥터자르트 시카페어 인텐시브 수딩 리페어 젤 크림 50ml (+젤크림15mlx3),"37,500",https://shopping-phinf.pstatic.net/main_8570577/85705770963.23.jpg?type=f80,10255417123,닥터자르트
보타닉센스 기미잡티 미백 색소침착 피부톤 개선 저자극 멜라닌크림 65ml,"27,000",https://shopping-phinf.pstatic.net/main_8287849/82878499996.3.jpg?type=f80,10255417123,보타닉센스 공식스토어
[피부보습크림] 닥터자르트 세라마이딘 스킨 베리어 모이스처라이징 크림 50ml (+크림15mlx3),"37,500",https://shopping-phinf.pstatic.net/main_8500892/85008927340.32.jpg?type=f80,10255417123,닥터자르트
스킨1004 마다가스카르 센텔라 수딩 크림 75ml,"63,300",https://shopping-phinf.pstatic.net/main_8519965/85199652205.1.jpg?type=f80,10255417123,도도한 뷰티
조선미녀 맑은쌀선크림 50ml SPF50+ PA++++,"16,200",https://shop-phinf.pstatic.net/20241118_154/1731891127386Wsp7U_JPEG/56232156184719013_1585357280.jpg?type=f200,10255289183,
조선미녀 맑은쌀선크림 아쿠아프레쉬 50ml SPF50+ PA++++,"16,200",https://shop-phinf.pstatic.net/20241118_90/1731888994112anBlT_JPEG/316456224504887_1541380563.jpg?type=f200,10255289183,
조선미녀 인삼아이크림 30ml,"15,300",https://shop-phinf.pstatic.net/20240829_258/1724920396265Wsi2J_JPEG/5408017064355448_538382084.jpg?type=f200,10255289183,
[스테파니미초바PICK] 조선미녀 맑은쌀꿀채운마스크 150ml,"16,200",https://shop-phinf.pstatic.net/20241129_35/1732844187123DNH5L_JPEG/12437770439726400_281731723.jpg?type=f200,10255289183,
조선미녀 광채프로폴리스세럼 30ml,"15,300",https://shop-phinf.pstatic.net/20240425_114/171403772320110f0w_JPEG/60997248009156553_49656200.jpeg?type=f200,10255289183,
아누아 어성초 쿼세티놀 피지 모공 딥 클렌징 폼 150ml 약알칼리성 각질 지성 클렌저,"14,000",https://shopping-phinf.pstatic.net/main_8562912/85629127701.3.jpg?type=f80,10255289183,아누아
아크네스 포밍워시 180ml x2개,"19,800",https://shopping-phinf.pstatic.net/main_8844211/88442114075.2.jpg?type=f80,10255289183,멘소래담 공식 온라인스토어
심플리웍스 세수한번 폼클렌저 120g,"29,000",https://shopping-phinf.pstatic.net/main_8176350/81763506713.6.jpg?type=f80,10255289183,심플리웍스
아누아 어성초 쿼세티놀 모공 딥 클렌징 폼 150ml 저자극 여드름 청소년,"8,000",https://shopping-phinf.pstatic.net/main_8828284/88282846349.1.jpg?type=f80,10255289183,Top뷰티
우르오스 페이스워시 100g x2,"20,200",https://shopping-phinf.pstatic.net/main_8834211/88342110801.1.jpg?type=f80,10255289183,우르오스
조선미녀 맑은쌀선크림 50ml SPF50+ PA++++,"16,200",https://shop-phinf.pstatic.net/20241118_154/1731891127386Wsp7U_JPEG/56232156184719013_1585357280.jpg?type=f200,10255234096,
조선미녀 맑은쌀선크림 아쿠아프레쉬 50ml SPF50+ PA++++,"16,200",https://shop-phinf.pstatic.net/20241118_90/1731888994112anBlT_JPEG/316456224504887_1541380563.jpg?type=f200,10255234096,
조선미녀 인삼아이크림 30ml,"15,300",https://shop-phinf.pstatic.net/20240829_258/1724920396265Wsi2J_JPEG/5408017064355448_538382084.jpg?type=f200,10255234096,
[스테파니미초바PICK] 조선미녀 맑은쌀꿀채운마스크 150ml,"16,200",https://shop-phinf.pstatic.net/20241129_35/1732844187123DNH5L_JPEG/12437770439726400_281731723.jpg?type=f200,10255234096,
조선미녀 광채프로폴리스세럼 30ml,"15,300",https://shop-phinf.pstatic.net/20240425_114/171403772320110f0w_JPEG/60997248009156553_49656200.jpeg?type=f200,10255234096,
"에이바자르 퍼펙트 V리프팅 프리미엄 플러스 마스크 5매입, 이중턱 볼 리프팅, 붓기완화","14,700",https://shopping-phinf.pstatic.net/main_8210398/82103988344.14.jpg?type=f80,10255234096,에이바자르 인터내셔널
[KAHI] 가히 링클바운스 수분 가득 퍼펙팅 마스크 (35gx1EA),"9,000",https://shopping-phinf.pstatic.net/main_8579923/85799239061.jpg?type=f80,10255234096,가히
"링클 리페어 하이드로겔 아이패치 18매-콜라겐 패치, 눈가주름패치, 다크서클패치, 눈밑패치","12,000",https://shopping-phinf.pstatic.net/main_8880453/88804530830.jpg?type=f80,10255234096,마르시끄
바노바기 비타 칵테일 호일마스크 에이지 (10매입),"17,500",https://shopping-phinf.pstatic.net/main_8288804/82888041391.2.jpg?type=f80,10255234096,바노바기 공식스토어
슈링크 알엑스 리프팅 밴드 펩타이드 10매 세트 / U존 탄성 탄력 진정 밀착 케어 붓기개선 홈케어 /탄력부족형 피부 추천,"32,000",https://shopping-phinf.pstatic.net/main_8125973/81259730688.20.jpg?type=f80,10255234096,슈링크알엑스 공식스토어
조선미녀 맑은쌀선크림 50ml SPF50+ PA++++,"16,200",https://shop-phinf.pstatic.net/20241118_154/1731891127386Wsp7U_JPEG/56232156184719013_1585357280.jpg?type=f200,10255173739,
조선미녀 맑은쌀선크림 아쿠아프레쉬 50ml SPF50+ PA++++,"16,200",https://shop-phinf.pstatic.net/20241118_90/1731888994112anBlT_JPEG/316456224504887_1541380563.jpg?type=f200,10255173739,
조선미녀 인삼아이크림 30ml,"15,300",https://shop-phinf.pstatic.net/20240829_258/1724920396265Wsi2J_JPEG/5408017064355448_538382084.jpg?type=f200,10255173739,
[스테파니미초바PICK] 조선미녀 맑은쌀꿀채운마스크 150ml,"16,200",https://shop-phinf.pstatic.net/20241129_35/1732844187123DNH5L_JPEG/12437770439726400_281731723.jpg?type=f200,10255173739,
조선미녀 광채프로폴리스세럼 30ml,"15,300",https://shop-phinf.pstatic.net/20240425_114/171403772320110f0w_JPEG/60997248009156553_49656200.jpeg?type=f200,10255173739,
[바닐라코] NEW 클린 잇 제로 오리지널 클렌징밤 대용량 180ml (증정:오리지널밤 25ml),"21,000",https://shopping-phinf.pstatic.net/main_7536910/7536910110.194.jpg?type=f80,10255173739,바닐라코 공식스토어
마몽드 어메이징 딥 민트 클렌징밤 90ml,"14,000",https://shopping-phinf.pstatic.net/main_8827522/88275220875.jpg?type=f80,10255173739,동동구리무
심플로그 올 클렌징밤 90ml x1개 블랙헤드 피지 비건,"14,500",https://shopping-phinf.pstatic.net/main_8396092/83960921128.41.jpg?type=f80,10255173739,simplog
넘버즈인 3번 녹차숯 모공말끔 클렌징팩밤 85g,"18,000",https://shopping-phinf.pstatic.net/main_8564142/85641429500.5.jpg?type=f80,10255173739,넘버즈인 공식몰
휘게 소프트리셋 그린 클렌징밤 100ml (티트리/셔벗/딥클렌징),"16,900",https://shopping-phinf.pstatic.net/main_8319667/83196678590.4.jpg?type=f80,10255173739,HYGGEE
조선미녀 맑은쌀선크림 50ml SPF50+ PA++++,"16,200",https://shop-phinf.pstatic.net/20241118_154/1731891127386Wsp7U_JPEG/56232156184719013_1585357280.jpg?type=f200,10255206486,
조선미녀 맑은쌀선크림 아쿠아프레쉬 50ml SPF50+ PA++++,"16,200",https://shop-phinf.pstatic.net/20241118_90/1731888994112anBlT_JPEG/316456224504887_1541380563.jpg?type=f200,10255206486,
조선미녀 인삼아이크림 30ml,"15,300",https://shop-phinf.pstatic.net/20240829_258/1724920396265Wsi2J_JPEG/5408017064355448_538382084.jpg?type=f200,10255206486,
[스테파니미초바PICK] 조선미녀 맑은쌀꿀채운마스크 150ml,"16,200",https://shop-phinf.pstatic.net/20241129_35/1732844187123DNH5L_JPEG/12437770439726400_281731723.jpg?type=f200,10255206486,
조선미녀 광채프로폴리스세럼 30ml,"15,300",https://shop-phinf.pstatic.net/20240425_114/171403772320110f0w_JPEG/60997248009156553_49656200.jpeg?type=f200,10255206486,
조선미녀 인삼스네일세럼 30ml,"15,300",https://shopping-phinf.pstatic.net/main_8779985/87799855088.jpg?type=f80,10255206486,뷰티오브조선 : 조선미녀
조선미녀 광채프로폴리스 세럼 30ml 보습 피부진정 톤업,"10,990",https://shopping-phinf.pstatic.net/main_8838691/88386919484.jpg?type=f80,10255206486,weclick
조선미녀 인삼 에센스워터 150ml,"16,200",https://shopping-phinf.pstatic.net/main_8779982/87799820428.jpg?type=f80,10255206486,뷰티오브조선 : 조선미녀
조선미녀 붉은팥 수분 워터 젤 100ml,"16,200",https://shopping-phinf.pstatic.net/main_8779906/87799063645.jpg?type=f80,10255206486,뷰티오브조선 : 조선미녀
조선미녀 병풀 비타 세럼 30ml,"10,290",https://shopping-phinf.pstatic.net/main_8890039/88900394792.jpg?type=f80,10255206486,weclick
조선미녀 맑은쌀선크림 50ml SPF50+ PA++++,"16,200",https://shop-phinf.pstatic.net/20241118_154/1731891127386Wsp7U_JPEG/56232156184719013_1585357280.jpg?type=f200,10255362323,
조선미녀 맑은쌀선크림 아쿠아프레쉬 50ml SPF50+ PA++++,"16,200",https://shop-phinf.pstatic.net/20241118_90/1731888994112anBlT_JPEG/316456224504887_1541380563.jpg?type=f200,10255362323,
조선미녀 인삼아이크림 30ml,"15,300",https://shop-phinf.pstatic.net/20240829_258/1724920396265Wsi2J_JPEG/5408017064355448_538382084.jpg?type=f200,10255362323,
[스테파니미초바PICK] 조선미녀 맑은쌀꿀채운마스크 150ml,"16,200",https://shop-phinf.pstatic.net/20241129_35/1732844187123DNH5L_JPEG/12437770439726400_281731723.jpg?type=f200,10255362323,
조선미녀 광채프로폴리스세럼 30ml,"15,300",https://shop-phinf.pstatic.net/20240425_114/171403772320110f0w_JPEG/60997248009156553_49656200.jpeg?type=f200,10255362323,
코스알엑스 바하 블랙헤드 파워 리퀴드 100ml,"13,800",https://shopping-phinf.pstatic.net/main_8515722/85157223683.1.jpg?type=f80,10255362323,부띠끄라인
티암 AHA BHA PHA 여드름 토너 180ml / 좁쌀 트러블 화이트헤드 각질 필링 피지 제거,"13,500",https://shopping-phinf.pstatic.net/main_8224982/82249826288.3.jpg?type=f80,10255362323,티암 TIAM
[스킨푸드] 핑크자몽 아하 토너 200ml_아하2%함유,"10,500",https://shopping-phinf.pstatic.net/main_8692471/86924712654.5.jpg?type=f80,10255362323,스킨푸드
[1+1] 썸바이미 아하 바하 파하 30 데이즈 미라클 토너 [150ml],"36,720",https://shopping-phinf.pstatic.net/main_8821907/88219074516.4.jpg?type=f80,10255362323,썸바이미 SOMEBYMI
셀리맥스 노니 밸런싱 토너 대용량 320ml / 150ml,"19,200",https://shopping-phinf.pstatic.net/main_8234946/82349462597.21.jpg?type=f80,10255362323,셀리맥스
조선미녀 맑은쌀선크림 50ml SPF50+ PA++++,"16,200",https://shop-phinf.pstatic.net/20241118_154/1731891127386Wsp7U_JPEG/56232156184719013_1585357280.jpg?type=f200,10349295102,
조선미녀 맑은쌀선크림 아쿠아프레쉬 50ml SPF50+ PA++++,"16,200",https://shop-phinf.pstatic.net/20241118_90/1731888994112anBlT_JPEG/316456224504887_1541380563.jpg?type=f200,10349295102,
조선미녀 인삼아이크림 30ml,"15,300",https://shop-phinf.pstatic.net/20240829_258/1724920396265Wsi2J_JPEG/5408017064355448_538382084.jpg?type=f200,10349295102,
[스테파니미초바PICK] 조선미녀 맑은쌀꿀채운마스크 150ml,"16,200",https://shop-phinf.pstatic.net/20241129_35/1732844187123DNH5L_JPEG/12437770439726400_281731723.jpg?type=f200,10349295102,
조선미녀 광채프로폴리스세럼 30ml,"15,300",https://shop-phinf.pstatic.net/20240425_114/171403772320110f0w_JPEG/60997248009156553_49656200.jpeg?type=f200,10349295102,
아임프롬 허니 마스크 70ml,"22,000",https://shopping-phinf.pstatic.net/main_1110713/11107132777.27.jpg?type=f80,10349295102,Im from
조선미녀 붉은 팥 모공정화마스크 140ml,"18,000",https://shopping-phinf.pstatic.net/main_8779975/87799755346.jpg?type=f80,10349295102,뷰티오브조선 : 조선미녀
이니스프리 화산송이 모공 듀얼 마스크 110g,"17,500",https://shopping-phinf.pstatic.net/main_8904326/89043261648.jpg?type=f80,10349295102,이니스프리
이니스프리 수퍼 화산송이 모공 마스크 100mL,"12,600",https://shopping-phinf.pstatic.net/main_8560244/85602447655.3.jpg?type=f80,10349295102,이니스프리
스킨푸드 딸기슈가 푸드마스크 120g,"8,010",https://shopping-phinf.pstatic.net/main_8316367/83163672581.2.jpg?type=f80,10349295102,뷰티코스
조선미녀 맑은쌀선크림 50ml SPF50+ PA++++,"16,200",https://shop-phinf.pstatic.net/20241118_154/1731891127386Wsp7U_JPEG/56232156184719013_1585357280.jpg?type=f200,10758859325,
조선미녀 맑은쌀선크림 아쿠아프레쉬 50ml SPF50+ PA++++,"16,200",https://shop-phinf.pstatic.net/20241118_90/1731888994112anBlT_JPEG/316456224504887_1541380563.jpg?type=f200,10758859325,
조선미녀 인삼아이크림 30ml,"15,300",https://shop-phinf.pstatic.net/20240829_258/1724920396265Wsi2J_JPEG/5408017064355448_538382084.jpg?type=f200,10758859325,
[스테파니미초바PICK] 조선미녀 맑은쌀꿀채운마스크 150ml,"16,200",https://shop-phinf.pstatic.net/20241129_35/1732844187123DNH5L_JPEG/12437770439726400_281731723.jpg?type=f200,10758859325,
조선미녀 광채프로폴리스세럼 30ml,"15,300",https://shop-phinf.pstatic.net/20240425_114/171403772320110f0w_JPEG/60997248009156553_49656200.jpeg?type=f200,10758859325,
조선미녀 맑은쌀선크림 50ml SPF50+ PA++++,"16,200",https://shopping-phinf.pstatic.net/main_8779952/87799522738.11.jpg?type=f80,10758859325,뷰티오브조선 : 조선미녀
조선미녀 인삼선세럼 50ml SPF 50+ PA++++,"18,900",https://shopping-phinf.pstatic.net/main_8779955/87799559103.3.jpg?type=f80,10758859325,뷰티오브조선 : 조선미녀
조선미녀 인삼 선세럼 50ml,"14,980",https://shopping-phinf.pstatic.net/main_8878488/88784887043.jpg?type=f80,10758859325,weclick
벤튼 시카 수분 선세럼 50mL SPF50+ PA++++ 이지워시선크림 유기자차 비건 물광,"14,800",https://shopping-phinf.pstatic.net/main_8614190/86141907622.14.jpg?type=f80,10758859325,벤튼
아누아 어성초 실키 모이스처 선크림 SPF 50+ PA++++ 50ml,"19,900",https://shopping-phinf.pstatic.net/main_8539534/85395345709.2.jpg?type=f80,10758859325,아누아
조선미녀 맑은쌀선크림 50ml SPF50+ PA++++,"16,200",https://shop-phinf.pstatic.net/20241118_154/1731891127386Wsp7U_JPEG/56232156184719013_1585357280.jpg?type=f200,10255153823,
조선미녀 맑은쌀선크림 아쿠아프레쉬 50ml SPF50+ PA++++,"16,200",https://shop-phinf.pstatic.net/20241118_90/1731888994112anBlT_JPEG/316456224504887_1541380563.jpg?type=f200,10255153823,
조선미녀 인삼아이크림 30ml,"15,300",https://shop-phinf.pstatic.net/20240829_258/1724920396265Wsi2J_JPEG/5408017064355448_538382084.jpg?type=f200,10255153823,
[스테파니미초바PICK] 조선미녀 맑은쌀꿀채운마스크 150ml,"16,200",https://shop-phinf.pstatic.net/20241129_35/1732844187123DNH5L_JPEG/12437770439726400_281731723.jpg?type=f200,10255153823,
조선미녀 광채프로폴리스세럼 30ml,"15,300",https://shop-phinf.pstatic.net/20240425_114/171403772320110f0w_JPEG/60997248009156553_49656200.jpeg?type=f200,10255153823,
셀리맥스 지우개 패드 60매 / 화해 어워드 1위,"9,900",https://shopping-phinf.pstatic.net/main_8005155/80051559986.14.jpg?type=f80,10255153823,셀리맥스
셀리맥스 지우개 패드 60매 3개 + (증정)노니팩 1매 / 화해 어워드 1위,"29,900",https://shopping-phinf.pstatic.net/main_8065484/80654845605.23.jpg?type=f80,10255153823,셀리맥스
코스알엑스 퓨어 핏 약산성 클렌징 패드 100매,"41,480",https://shopping-phinf.pstatic.net/main_8714587/87145877864.jpg?type=f80,10255153823,파파건강
코스알엑스 원스텝 오리지널 클리어 토너 각질 패드 70매,"13,650",https://shopping-phinf.pstatic.net/main_8966912/8966912620.38.jpg?type=f80,10255153823,코스알엑스
"닥터에이지 시카 진정 필링패드, 60매, 2개","18,900",https://shopping-phinf.pstatic.net/main_8256797/82567972505.8.jpg?type=f80,10255153823,닥터에이지
조선미녀 맑은쌀선크림 50ml SPF50+ PA++++,"16,200",https://shop-phinf.pstatic.net/20241118_154/1731891127386Wsp7U_JPEG/56232156184719013_1585357280.jpg?type=f200,10255268001,
조선미녀 맑은쌀선크림 아쿠아프레쉬 50ml SPF50+ PA++++,"16,200",https://shop-phinf.pstatic.net/20241118_90/1731888994112anBlT_JPEG/316456224504887_1541380563.jpg?type=f200,10255268001,
조선미녀 인삼아이크림 30ml,"15,300",https://shop-phinf.pstatic.net/20240829_258/1724920396265Wsi2J_JPEG/5408017064355448_538382084.jpg?type=f200,10255268001,
[스테파니미초바PICK] 조선미녀 맑은쌀꿀채운마스크 150ml,"16,200",https://shop-phinf.pstatic.net/20241129_35/1732844187123DNH5L_JPEG/12437770439726400_281731723.jpg?type=f200,10255268001,
조선미녀 광채프로폴리스세럼 30ml,"15,300",https://shop-phinf.pstatic.net/20240425_114/171403772320110f0w_JPEG/60997248009156553_49656200.jpeg?type=f200,10255268001,
조선미녀 쌀겨수맑은세럼 30ml,"15,300",https://shopping-phinf.pstatic.net/main_8779980/87799809688.jpg?type=f80,10255268001,뷰티오브조선 : 조선미녀
조선미녀 인삼스네일세럼 30ml,"15,300",https://shopping-phinf.pstatic.net/main_8779985/87799855088.jpg?type=f80,10255268001,뷰티오브조선 : 조선미녀
조선미녀 광채프로폴리스 세럼 30ml 보습 피부진정 톤업,"10,990",https://shopping-phinf.pstatic.net/main_8838691/88386919484.jpg?type=f80,10255268001,weclick
조선미녀 병풀비타세럼 30ml,"15,300",https://shopping-phinf.pstatic.net/main_8779971/87799710188.jpg?type=f80,10255268001,뷰티오브조선 : 조선미녀
조선미녀 인삼 에센스워터 150ml,"16,200",https://shopping-phinf.pstatic.net/main_8779982/87799820428.jpg?type=f80,10255268001,뷰티오브조선 : 조선미녀
조선미녀 맑은쌀선크림 50ml SPF50+ PA++++,"16,200",https://shop-phinf.pstatic.net/20241118_154/1731891127386Wsp7U_JPEG/56232156184719013_1585357280.jpg?type=f200,10349358880,
조선미녀 맑은쌀선크림 아쿠아프레쉬 50ml SPF50+ PA++++,"16,200",https://shop-phinf.pstatic.net/20241118_90/1731888994112anBlT_JPEG/316456224504887_1541380563.jpg?type=f200,10349358880,
조선미녀 인삼아이크림 30ml,"15,300",https://shop-phinf.pstatic.net/20240829_258/1724920396265Wsi2J_JPEG/5408017064355448_538382084.jpg?type=f200,10349358880,
[스테파니미초바PICK] 조선미녀 맑은쌀꿀채운마스크 150ml,"16,200",https://shop-phinf.pstatic.net/20241129_35/1732844187123DNH5L_JPEG/12437770439726400_281731723.jpg?type=f200,10349358880,
조선미녀 광채프로폴리스세럼 30ml,"15,300",https://shop-phinf.pstatic.net/20240425_114/171403772320110f0w_JPEG/60997248009156553_49656200.jpeg?type=f200,10349358880,
어성초 카밍 토너 스킨 부스터,"18,400",https://shopping-phinf.pstatic.net/main_8266814/82668145830.6.jpg?type=f80,10349358880,아비브
"아누아 어성초 77 수딩 토너 트러블 피부 진정 대용량 닦토 흡토 500ml, 1개","33,000",https://shopping-phinf.pstatic.net/main_8440329/84403293000.10.jpg?type=f80,10349358880,아누아
[1+1] 썸바이미 아하 바하 파하 30 데이즈 미라클 토너 [150ml],"36,720",https://shopping-phinf.pstatic.net/main_8821907/88219074516.4.jpg?type=f80,10349358880,썸바이미 SOMEBYMI
브링그린 티트리 시카 수딩 토너 대용량 증정기획 500ml,"19,800",https://shopping-phinf.pstatic.net/main_8614646/86146467702.16.jpg?type=f80,10349358880,브링그린
넘버즈인 5번 글루타치온C 비타수액 에센셜 토너 200ml,"18,500",https://shopping-phinf.pstatic.net/main_8743254/87432542628.5.jpg?type=f80,10349358880,넘버즈인 공식몰
조선미녀 맑은쌀선크림 50ml SPF50+ PA++++,"16,200",https://shop-phinf.pstatic.net/20241118_154/1731891127386Wsp7U_JPEG/56232156184719013_1585357280.jpg?type=f200,10255351386,
조선미녀 맑은쌀선크림 아쿠아프레쉬 50ml SPF50+ PA++++,"16,200",https://shop-phinf.pstatic.net/20241118_90/1731888994112anBlT_JPEG/316456224504887_1541380563.jpg?type=f200,10255351386,
조선미녀 인삼아이크림 30ml,"15,300",https://shop-phinf.pstatic.net/20240829_258/1724920396265Wsi2J_JPEG/5408017064355448_538382084.jpg?type=f200,10255351386,
[스테파니미초바PICK] 조선미녀 맑은쌀꿀채운마스크 150ml,"16,200",https://shop-phinf.pstatic.net/20241129_35/1732844187123DNH5L_JPEG/12437770439726400_281731723.jpg?type=f200,10255351386,
조선미녀 광채프로폴리스세럼 30ml,"15,300",https://shop-phinf.pstatic.net/20240425_114/171403772320110f0w_JPEG/60997248009156553_49656200.jpeg?type=f200,10255351386,
조선미녀 광채프로폴리스 세럼 30ml 보습 피부진정 톤업,"10,990",https://shopping-phinf.pstatic.net/main_8838691/88386919484.jpg?type=f80,10255351386,weclick
조선미녀 쌀겨수 맑은 세럼 30ml,"14,180",https://shopping-phinf.pstatic.net/main_8742887/87428877805.1.jpg?type=f80,10255351386,지구 상사
조선미녀 붉은팥 수분 워터 젤 100ml,"16,200",https://shopping-phinf.pstatic.net/main_8779906/87799063645.jpg?type=f80,10255351386,뷰티오브조선 : 조선미녀
조선미녀 병풀비타세럼 30ml,"15,300",https://shopping-phinf.pstatic.net/main_8779971/87799710188.jpg?type=f80,10255351386,뷰티오브조선 : 조선미녀
조선미녀 인삼 에센스워터 150ml,"16,200",https://shopping-phinf.pstatic.net/main_8779982/87799820428.jpg?type=f80,10255351386,뷰티오브조선 : 조선미녀
조선미녀 맑은쌀선크림 50ml SPF50+ PA++++,"16,200",https://shop-phinf.pstatic.net/20241118_154/1731891127386Wsp7U_JPEG/56232156184719013_1585357280.jpg?type=f200,10255338635,
조선미녀 맑은쌀선크림 아쿠아프레쉬 50ml SPF50+ PA++++,"16,200",https://shop-phinf.pstatic.net/20241118_90/1731888994112anBlT_JPEG/316456224504887_1541380563.jpg?type=f200,10255338635,
조선미녀 인삼아이크림 30ml,"15,300",https://shop-phinf.pstatic.net/20240829_258/1724920396265Wsi2J_JPEG/5408017064355448_538382084.jpg?type=f200,10255338635,
[스테파니미초바PICK] 조선미녀 맑은쌀꿀채운마스크 150ml,"16,200",https://shop-phinf.pstatic.net/20241129_35/1732844187123DNH5L_JPEG/12437770439726400_281731723.jpg?type=f200,10255338635,
조선미녀 광채프로폴리스세럼 30ml,"15,300",https://shop-phinf.pstatic.net/20240425_114/171403772320110f0w_JPEG/60997248009156553_49656200.jpeg?type=f200,10255338635,
#OOTD 오오티디뷰티 눈가주름 아이세럼 링클 리프트 아이세럼 30ml,"17,820",https://shopping-phinf.pstatic.net/main_8413740/84137405964.5.jpg?type=f80,10255338635,스웨거 SWAGGER
조선미녀 인삼 아이크림 30ml 주름개선 미백 탄력 고영양 아이케어,"20,400",https://shopping-phinf.pstatic.net/main_8836496/88364969524.jpg?type=f80,10255338635,laglow
[🌎지구의달🌎] 비원츠 피토콜라겐 아이세럼스틱 15ml 1+1 쿨링아이세럼 붓기 탄력 케어,"30,900",https://shopping-phinf.pstatic.net/main_8385799/83857999434.25.jpg?type=f80,10255338635,비원츠몰
썸바이미 레티놀 인텐스 어드밴스드 트리플 액션 아이크림 [30ml],"21,060",https://shopping-phinf.pstatic.net/main_8352579/83525792960.3.jpg?type=f80,10255338635,썸바이미 SOMEBYMI
AHC 프리미어 앰플 인 아이크림 35mlx2개 + 7mlx3개,"34,100",https://shopping-phinf.pstatic.net/main_8720170/87201700134.44.jpg?type=f80,10255338635,AHC 공식스토어
조선미녀 맑은쌀선크림 50ml SPF50+ PA++++,"16,200",https://shop-phinf.pstatic.net/20241118_154/1731891127386Wsp7U_JPEG/56232156184719013_1585357280.jpg?type=f200,10255134250,
조선미녀 맑은쌀선크림 아쿠아프레쉬 50ml SPF50+ PA++++,"16,200",https://shop-phinf.pstatic.net/20241118_90/1731888994112anBlT_JPEG/316456224504887_1541380563.jpg?type=f200,10255134250,
조선미녀 인삼아이크림 30ml,"15,300",https://shop-phinf.pstatic.net/20240829_258/1724920396265Wsi2J_JPEG/5408017064355448_538382084.jpg?type=f200,10255134250,
[스테파니미초바PICK] 조선미녀 맑은쌀꿀채운마스크 150ml,"16,200",https://shop-phinf.pstatic.net/20241129_35/1732844187123DNH5L_JPEG/12437770439726400_281731723.jpg?type=f200,10255134250,
조선미녀 광채프로폴리스세럼 30ml,"15,300",https://shop-phinf.pstatic.net/20240425_114/171403772320110f0w_JPEG/60997248009156553_49656200.jpeg?type=f200,10255134250,
천연 세안 모낭염 여드름 등드름 상황버섯 클렌징비누 클렌징바 100g,"13,800",https://shopping-phinf.pstatic.net/main_8305600/83056008653.jpg?type=f80,10255134250,리즈코코 LIZKOKO
[단품] 수부지 각질 관리 막걸리 비누,"10,900",https://shopping-phinf.pstatic.net/main_8249053/82490530229.2.jpg?type=f80,10255134250,르사봉
클린큐어 아레 여드름비누 청소년비누 모낭염 세안비누 올인원 클렌징바 1세트(3개),"23,800",https://shopping-phinf.pstatic.net/main_8885134/88851343761.jpg?type=f80,10255134250,인스피니
슬로비 햄프씨드 천연 수제 비누 아로마오일 대마종자유,"13,000",https://shopping-phinf.pstatic.net/main_8846384/88463845648.jpg?type=f80,10255134250,슬로비생활가게
썸바이미 아하 바하 파하 30 데이즈 미라클 클렌징 바,"12,960",https://shopping-phinf.pstatic.net/main_8034652/80346523199.4.jpg?type=f80,10255134250,썸바이미 SOMEBYMI
조선미녀 맑은쌀선크림 50ml SPF50+ PA++++,"16,200",https://shop-phinf.pstatic.net/20241118_154/1731891127386Wsp7U_JPEG/56232156184719013_1585357280.jpg?type=f200,10255305986,
조선미녀 맑은쌀선크림 아쿠아프레쉬 50ml SPF50+ PA++++,"16,200",https://shop-phinf.pstatic.net/20241118_90/1731888994112anBlT_JPEG/316456224504887_1541380563.jpg?type=f200,10255305986,
조선미녀 인삼아이크림 30ml,"15,300",https://shop-phinf.pstatic.net/20240829_258/1724920396265Wsi2J_JPEG/5408017064355448_538382084.jpg?type=f200,10255305986,
[스테파니미초바PICK] 조선미녀 맑은쌀꿀채운마스크 150ml,"16,200",https://shop-phinf.pstatic.net/20241129_35/1732844187123DNH5L_JPEG/12437770439726400_281731723.jpg?type=f200,10255305986,
조선미녀 광채프로폴리스세럼 30ml,"15,300",https://shop-phinf.pstatic.net/20240425_114/171403772320110f0w_JPEG/60997248009156553_49656200.jpeg?type=f200,10255305986,
조선미녀 광채프로폴리스세럼 30ml,"15,300",https://shopping-phinf.pstatic.net/main_8779948/87799483003.jpg?type=f80,10255305986,뷰티오브조선 : 조선미녀
조선미녀 인삼스네일세럼 30ml,"15,300",https://shopping-phinf.pstatic.net/main_8779985/87799855088.jpg?type=f80,10255305986,뷰티오브조선 : 조선미녀
조선미녀 쌀겨수 맑은 세럼 30ml,"14,180",https://shopping-phinf.pstatic.net/main_8742887/87428877805.1.jpg?type=f80,10255305986,지구 상사
조선미녀 붉은팥 수분 워터 젤 100ml,"16,200",https://shopping-phinf.pstatic.net/main_8779906/87799063645.jpg?type=f80,10255305986,뷰티오브조선 : 조선미녀
조선미녀 산들녹차세럼 30ml,"15,300",https://shopping-phinf.pstatic.net/main_8779977/87799771703.jpg?type=f80,10255305986,뷰티오브조선 : 조선미녀
조선미녀 맑은쌀선크림 50ml SPF50+ PA++++,"16,200",https://shop-phinf.pstatic.net/20241118_154/1731891127386Wsp7U_JPEG/56232156184719013_1585357280.jpg?type=f200,10255327174,
조선미녀 맑은쌀선크림 아쿠아프레쉬 50ml SPF50+ PA++++,"16,200",https://shop-phinf.pstatic.net/20241118_90/1731888994112anBlT_JPEG/316456224504887_1541380563.jpg?type=f200,10255327174,
조선미녀 인삼아이크림 30ml,"15,300",https://shop-phinf.pstatic.net/20240829_258/1724920396265Wsi2J_JPEG/5408017064355448_538382084.jpg?type=f200,10255327174,
[스테파니미초바PICK] 조선미녀 맑은쌀꿀채운마스크 150ml,"16,200",https://shop-phinf.pstatic.net/20241129_35/1732844187123DNH5L_JPEG/12437770439726400_281731723.jpg?type=f200,10255327174,
조선미녀 광채프로폴리스세럼 30ml,"15,300",https://shop-phinf.pstatic.net/20240425_114/171403772320110f0w_JPEG/60997248009156553_49656200.jpeg?type=f200,10255327174,
"아누아 어성초 포어 컨트롤 클렌징 오일 200ml, 2개","33,000",https://shopping-phinf.pstatic.net/main_8567451/85674518964.2.jpg?type=f80,10255327174,아누아
식물나라 제주탄산수 모공 딥 클렌징 오일 250ml,"13,510",https://shopping-phinf.pstatic.net/main_8509708/85097086292.1.jpg?type=f80,10255327174,블망몰
한스킨 딥 클렌징오일 블랙헤드제거 PHA 300ml,"18,800",https://shopping-phinf.pstatic.net/main_1090645/10906454758.37.jpg?type=f80,10255327174,셀트리온 한스킨
"마녀공장 퓨어 클렌징 오일 200ml, 1개","17,400",https://shopping-phinf.pstatic.net/main_8079893/80798938625.50.jpg?type=f80,10255327174,마녀공장 공식스토어
바이오더마 센시비오 미셀라 클렌징 오일 150ml,"21,120",https://shopping-phinf.pstatic.net/main_8708462/87084623265.jpg?type=f80,10255327174,옴니코스
조선미녀 맑은쌀선크림 50ml SPF50+ PA++++,"16,200",https://shop-phinf.pstatic.net/20241118_154/1731891127386Wsp7U_JPEG/56232156184719013_1585357280.jpg?type=f200,11131526577,
조선미녀 맑은쌀선크림 아쿠아프레쉬 50ml SPF50+ PA++++,"16,200",https://shop-phinf.pstatic.net/20241118_90/1731888994112anBlT_JPEG/316456224504887_1541380563.jpg?type=f200,11131526577,
조선미녀 인삼아이크림 30ml,"15,300",https://shop-phinf.pstatic.net/20240829_258/1724920396265Wsi2J_JPEG/5408017064355448_538382084.jpg?type=f200,11131526577,
[스테파니미초바PICK] 조선미녀 맑은쌀꿀채운마스크 150ml,"16,200",https://shop-phinf.pstatic.net/20241129_35/1732844187123DNH5L_JPEG/12437770439726400_281731723.jpg?type=f200,11131526577,
조선미녀 광채프로폴리스세럼 30ml,"15,300",https://shop-phinf.pstatic.net/20240425_114/171403772320110f0w_JPEG/60997248009156553_49656200.jpeg?type=f200,11131526577,
더샘 어반 에코 하라케케 스킨 케어 3종 세트,"47,000",https://shopping-phinf.pstatic.net/main_8735605/87356058805.1.jpg?type=f80,11131526577,더샘
[2종세트] 토리든 셀메이징 저분자 콜라겐 모공 탄력 앰플 30ml + 콜라겐 저분자 탄력 크림 60ml +(앰플 10ml + 겔마스크 1매 증정),"39,200",https://shopping-phinf.pstatic.net/main_8889984/88899840420.jpg?type=f80,11131526577,토리든
[수려한] 보윤 기초 2종 세트 (4/14~20 입금/결제 완료 건에 한해 증정품 추가),"42,250",https://shopping-phinf.pstatic.net/main_8621945/86219457101.13.jpg?type=f80,11131526577,Sooryehan
디폰데 흰목이버섯 시그니처 오리진 100 앰플 50ml + 마스크팩 5매 2종세트,"52,700",https://shopping-phinf.pstatic.net/main_8689789/86897890993.4.jpg?type=f80,11131526577,Deeponde
AHC 리뉴에이지 토너 130ml +로션 130ml,"24,000",https://shopping-phinf.pstatic.net/main_8390854/83908546429.4.jpg?type=f80,11131526577,AHC 공식스토어
